trial_id,err_dt_ns,err_v_mps
1,-0.778513596352305,-0.0379215179595064
2,-0.417973360485355,-0.0203595471813288
3,-0.674823987877993,-0.0328707810572914
4,1.2431840224304,0.060555686444597
5,0.145060307493175,0.0070659100644973
6,0.624800022045243,0.030434105927119
7,0.398148389711405,0.0193938697817643
8,-0.767647127182787,-0.0373922105617949
9,-0.668064119992732,-0.0325415068447203
10,-0.487196127888467,-0.0237313989120929
11,-0.242218631498581,-0.0117985070877862
12,0.621473601401771,0.0302720754619311
13,-0.952376131462646,-0.0463903889960098
14,0.145325560620243,0.00707883058543513
15,0.531893466703909,0.0259086132145451
16,-0.133002725926985,-0.00647858339730401
17,-0.308474855059448,-0.0150258580081358
18,-0.327818341944095,-0.0159680822528152
19,1.05537045391753,0.0514072584084387
20,-0.379628883162013,-0.0184917817469444
21,-1.27532088084589,-0.0621210777997064
22,0.0772437655826579,0.00376255579546381
23,-0.345107403263093,-0.0168102351097253
24,1.00240271610992,0.0488271916890429
25,0.709192509651558,0.0345448770805136
26,0.341376429165479,0.0166284987830739
27,0.165316015256277,0.00805256872957438
28,0.327112778001379,0.0159337141237926
29,-0.423343341174562,-0.0206211197731268
30,-0.23049655167247,-0.0112275227623596
31,0.074377139152638,0.00362292197768765
32,0.0695425066889257,0.00338742628094024
33,0.00925476448224316,0.000450801012556123
34,-0.393159493957167,-0.0191508598962224
35,-0.232667769607108,-0.0113332831245267
36,-0.215497985208788,-0.0104969402649127
37,-0.0323539576208667,-0.00157596629105705
38,-0.054351518143946,-0.00264747087408534
39,0.893106520991722,0.0435033570822999
40,-0.259584470931923,-0.0126443998185476
41,-1.14043334382462,-0.0555506849618264
42,-1.08267958032053,-0.0527374901888497
43,0.859111080679007,0.0418474339148688
44,0.776823319522393,0.0378391843131033
45,0.731985332231446,0.0356551190016065
46,0.569573858708882,0.0277440309501286
47,-0.00259044690247023,-0.000126181070177145
48,1.15832697903347,0.0564222867066287
49,-0.951691047218969,-0.0463570184363021
50,0.290379758318171,0.0141444430408592
51,-0.359598545782799,-0.0175161009082028
52,-0.367945033996651,-0.0179226596429294
53,-0.140609788200674,-0.00684912457986331
54,-0.0924692798324216,-0.00450419295475091
55,0.70951530984361,0.0345606007279072
56,-0.425058272527494,-0.0207046543451681
57,0.00181614913444861,8.84649058690012e-05
58,-0.154653137977828,-0.00753317832443656
59,0.328692026142104,0.0160106395455343
60,-0.884144953842,-0.0430668377572608
61,-0.5368745100468,-0.0261512406079133
62,-0.666159236148992,-0.0324487196574061
63,-0.458947945711056,-0.0223554255793428
64,0.917777951938429,0.0447051063081528
65,0.401437280457834,0.0195540721598496
66,1.26621429864019,0.0616774947688111
67,-0.806525067288835,-0.0392859610510193
68,0.364065362133015,0.0177336802250448
69,0.580936720803599,0.0282975177241748
70,-1.25816317133375,-0.0612853231096703
71,-0.837624389344491,-0.0408008138492078
72,-0.0535949430794176,-0.00261061798541173
73,-0.972243323119113,-0.0473581229813066
74,1.05446835690052,0.0513633171229017
75,-0.748893981185901,-0.0364787419132699
76,-1.67445047305888,-0.0815627421074241
77,0.0723712438128352,0.0035252145047423
78,0.0458854928046932,0.00223508946745044
79,-0.390342776266593,-0.0190136571408813
80,-0.318777281438308,-0.0155276907940797
81,0.376181358912145,0.0183238523063159
82,-1.08445942175217,-0.0528241865408869
83,-0.685720592196468,-0.03340155634278
84,0.0895696327299831,0.00436295069490267
85,0.244452342536384,0.0119073114986959
86,-0.408625906297587,-0.0199042312388481
87,2.65329150948526,0.129242240726671
88,-0.484432161723038,-0.0235967656917188
89,-0.859870336629328,-0.0418844173899049
90,0.547212163853789,0.0266547893273416
91,0.708281143127749,0.0345004842758635
92,-0.128760013420301,-0.00627192021342005
93,-0.521317493146494,-0.0253934559031304
94,0.996451913358072,0.0485373271645376
95,-0.477232733617022,-0.0232460804326565
96,-0.894257308824294,-0.0435594121360139
97,0.00785931060395839,0.000382828237828758
98,1.2052511194643,0.0587079688609539
99,-0.259089280292972,-0.0126202790057622
100,0.68742503594947,0.0334845800622029
101,-0.724575063124476,-0.0352941636447042
102,-0.524588621700225,-0.0255527930820562
103,-0.347043048177412,-0.0169045206735554
104,2.44751098233232,0.119218639350009
105,1.76651315720379,0.086047129723208
106,0.339999095718433,0.0165614086573612
107,-0.157498232958588,-0.00767176334198127
108,0.108122122217246,0.005266645333739
109,0.704084714318306,0.0342960755780465
110,-0.49730607192112,-0.0242238558531148
111,0.128328566634835,0.00625090437361908
112,-0.129059986738461,-0.00628653196024787
113,-0.0178463145122016,-0.000869296746333514
114,-0.226203292775892,-0.0110183974559883
115,-0.151474274246095,-0.00737833537929278
116,0.596965132977218,0.029078264165794
117,-1.04181950962953,-0.0507471898115728
118,0.0578008079054229,0.00281548631305795
119,-0.639871719953071,-0.0311682506685471
120,-0.126203804295155,-0.00614740687068371
121,1.40984986367334,0.0686740054072249
122,0.70883663313564,0.034527542280257
123,0.455867277973748,0.0222053657763092
124,0.686739473526032,0.0334511862102848
125,-0.273565620152301,-0.0133254237643583
126,-0.949226858749224,-0.046236987433955
127,-0.562833593122946,-0.0274157115685962
128,-0.105307552791182,-0.00512954722069525
129,0.552061729654508,0.0268910124292495
130,1.08755822069726,0.0529751295178619
131,0.821590414229718,0.0400197964358625
132,-0.77002815819494,-0.0375081909514922
133,-0.331019270135354,-0.016123999961203
134,0.336630611095192,0.0163973292491978
135,-0.623586055044964,-0.0303749734063528
136,-0.0473562592589829,-0.00230673072942944
137,0.164525454240668,0.00801406037995511
138,-0.939425645848342,-0.0457595688342192
139,0.219548047320441,0.0106942194181913
140,-0.0391472777788842,-0.00190686996901968
141,-0.280350348807016,-0.0136559089488633
142,0.763657392542086,0.037197869968978
143,0.700944019473138,0.0341430918452842
144,0.414189058427958,0.0201752132414897
145,-0.997727138207345,-0.0485994435646248
146,0.184479120423731,0.0089860065528472
147,0.130203660292722,0.00634224047636212
148,0.186006330155941,0.00906039717564322
149,-0.0225857798324931,-0.00110015683677267
150,-0.584634520492397,-0.0284776381202303
151,0.000343581716670371,1.67359186792337e-05
152,0.160293890118492,0.00780794023560871
153,-0.398307570933632,-0.0194016235237746
154,-0.120779567518774,-0.00588319145646876
155,0.493198400495281,0.0240237705412122
156,-0.474076737303236,-0.0230923513629856
157,-0.118209697003905,-0.00575801266532128
158,0.148106134525857,0.00721427277140785
159,0.317822468629206,0.0154811817141377
160,1.05266437477511,0.0512754448739289
161,-0.401258040163871,-0.019545341337346
162,0.719617025285626,0.035052656853004
163,0.053887873352501,0.00262488666442195
164,0.0770958059751337,0.00375534866004512
165,-0.132998179969501,-0.00647836196301044
166,-0.8953769374092,-0.0436139494179437
167,-0.350227692778919,-0.0170596452057622
168,0.332873856012828,0.016214337126783
169,-0.135261928506065,-0.00658862950514105
170,0.16309187054113,0.00794423029572411
171,0.246640131210778,0.0120138790241654
172,0.380302457586254,0.0185245916615632
173,-0.223537589857916,-0.0108885506536301
174,0.178188781906563,0.00867960318857974
175,-0.326403347130217,-0.0158991576360862
176,-0.138333732921488,-0.00673825757439173
177,-0.173204226134786,-0.00843680470425634
178,0.228188930302299,0.0111151181677026
179,-0.500807075329174,-0.0243943902718289
180,-0.222775543590412,-0.0108514312618114
181,0.704863998148209,0.0343340346142017
182,-0.164602310579632,-0.00801780406413988
183,-0.492292583773231,-0.0239796480682662
184,0.535716456868222,0.026094831658069
185,0.712024036038262,0.0346828011697385
186,-0.15726918473198,-0.00766060636735733
187,0.136393318402707,0.00664373968238852
188,-0.511998720722225,-0.0249395370537959
189,-0.819607997565555,-0.0399232326128472
190,-0.263074900005659,-0.0128144191597978
191,1.10263689811693,0.0537096142323933
192,0.0970992206555295,0.00472971808995426
193,-0.151526449167818,-0.00738087682781763
194,-0.085955371725035,-0.00418689948108752
195,-1.13263919819371,-0.0551710309199361
196,-0.371438313217116,-0.0180928178152684
197,-0.236314837986267,-0.0115109323906257
198,1.53218196652245,0.0746328211003001
199,0.0775520920210511,0.003777574424073
200,-0.304580557714509,-0.0148361661807899
201,-0.858365040061074,-0.041811094160722
202,-0.396110066454007,-0.0192945827399261
203,1.46767846125884,0.0714908453599071
204,0.920825153249734,0.0448535359563879
205,0.690211176299645,0.0336202933905528
206,-0.0922368689602564,-0.00449287218514061
207,0.895363853617042,0.0436133121043994
208,-0.735600984849746,-0.0358312380011239
209,-0.771729309089125,-0.0375910542752514
210,-0.026154582798938,-0.00127399378248561
211,0.893101513643995,0.043503113173616
212,-0.659210673529486,-0.0321102540950797
213,-0.306565486888221,-0.0149328523885351
214,-0.283363052569737,-0.0138026582161593
215,0.882926281654537,0.0430074760460971
216,-0.317440114760508,-0.0154625571979232
217,-0.545477245927383,-0.0265702812062085
218,-0.299541385062273,-0.0145907072997529
219,-0.81513725391455,-0.039705461996575
220,0.314971961793294,0.0153423330842898
221,0.982632721268512,0.0478641921756749
222,0.508955664240542,0.0247913093008542
223,1.01993735398741,0.0496813066181853
224,-0.776605529520744,-0.0378285757283623
225,0.871445374028195,0.0424482392559066
226,0.0111619426798555,0.000543699958202803
227,-0.267715945333144,-0.0130404851971306
228,0.331105613958506,0.0161282057822131
229,-0.0970703847887187,-0.00472831349041181
230,-0.67295491911193,-0.0327797384279629
231,-0.859965885405376,-0.0418890715855978
232,-0.479562393853602,-0.0233595585439123
233,-0.182422014639101,-0.00888580461119592
234,0.728698791048068,0.0354950310711012
235,-0.0566730452442741,-0.00276055281901366
236,-0.12836794097387,-0.00625282230377722
237,0.0605707306334082,0.00295040967851723
238,0.210342599425765,0.01024582062426
239,0.394444301383906,0.0192134430651431
240,0.983815598762302,0.047921810321761
241,0.294573225377309,0.0143487074713596
242,-0.254291191886328,-0.0123865633756995
243,0.113027783728004,0.00550560086637841
244,0.667002018709027,0.0324897717265494
245,-0.240656614481395,-0.0117224209967431
246,-1.2559197816085,-0.0611760472483945
247,-0.405171090864059,-0.0197359466435333
248,0.597991306462042,0.0291282492353119
249,0.15303195986208,0.00745421048711148
250,-0.241121755224878,-0.0117450780744619
251,2.09288695805845,0.101944848155631
252,0.0358503803397205,0.00174627758368995
253,-0.300952129392677,-0.0146594248747731
254,-0.447664020858937,-0.0218057838506198
255,0.0843666081741503,0.00410951056224185
256,-0.623353103338882,-0.0303636262926387
257,0.398839642695705,0.019427540821784
258,0.0364783404582774,0.00177686561840795
259,0.0841069844224194,0.00409686424904943
260,0.132215263298953,0.0064402259706241
261,0.571642995912793,0.027844818944078
262,-0.0661573116586354,-0.00322253290625929
263,0.238094469273236,0.0115976185064829
264,-0.0530273751990151,-0.00258297166597588
265,-0.328607855248507,-0.0160065395682595
266,0.29011883992133,0.0141317336653027
267,0.899665862213958,0.0438228636100305
268,0.12062237710035,0.00587553468682034
269,0.0928014450190382,0.00452037277248152
270,0.441271973439861,0.021494426229974
271,-1.10320420272443,-0.0537372477277654
272,0.525664891883061,0.0256052183694998
273,1.03124645780563,0.0502321748182498
274,0.0625021579996741,0.00304448980492811
275,0.108193494252973,0.00527012187666276
276,0.396542772296279,0.0193156599085788
277,-1.02925955164297,-0.0501353923110668
278,-1.03059815468589,-0.0502005958727909
279,-0.162954441039847,-0.00793753608341285
280,0.446731712099378,0.0217603709464199
281,0.657470686818172,0.0320254990726475
282,2.32142833916237,0.113077134256516
283,0.612484954600834,0.0298342370828836
284,0.294760117511053,0.0143578110161654
285,-0.160830719376872,-0.00783408927200102
286,0.855687276643884,0.0416806598895775
287,0.0116257720242174,0.000566293157467146
288,-0.526053519467037,-0.0256241484793586
289,0.754402962201983,0.0367470852325372
290,-0.163843643062702,-0.00798084925178577
291,-0.306369278460927,-0.0149232950456263
292,-0.239555865620062,-0.0116688033490751
293,0.149860383404025,0.00729972250619804
294,-0.0208298223675456,-0.00101462387645535
295,-0.665656108324839,-0.0324242122230994
296,0.0982144449394013,0.0047840408376979
297,0.312397168147829,0.0152169144866877
298,0.456601266018097,0.0222411184477284
299,-0.334772714084409,-0.016306830797801
300,-0.911028163747055,-0.0443763230790335
301,1.36229051836514,0.0663573823248563
302,-0.320311418185465,-0.0156024188328477
303,0.259462406825282,0.0126384540569912
304,-0.494862384523802,-0.0241048234611838
305,-0.223655173221871,-0.0108942781575155
306,-1.05628088657091,-0.0514516057241157
307,-0.716629300449085,-0.0349071243130743
308,-0.0561218446456273,-0.00273370375240922
309,-0.400172497099547,-0.0194924643664074
310,0.319770154729444,0.0155760538060007
311,0.462794753553226,0.0225428041856471
312,0.373672513905891,0.0182016460771529
313,0.707942588456177,0.0344839932253301
314,-1.0609944483551,-0.0516812040492958
315,0.37431181334502,0.0182327864519337
316,-0.438510658108445,-0.0213599221321359
317,-0.107455154734591,-0.00523415724426923
318,0.134918181082316,0.00657188551484411
319,0.072090618658212,0.00351154520995933
320,-0.226391165199537,-0.0110275487508672
321,0.117428543081537,0.00571996253667229
322,0.00205850741055258,0.000100270215067311
323,0.806709887848641,0.0392949636891372
324,0.820959992122049,0.0399890884772732
325,-0.00358207197457006,-0.000174483281155768
326,0.0757946109565211,0.00369196724898402
327,-0.0333617696485113,-0.00162505697114956
328,0.352053700976263,0.0171485903481131
329,0.237626959749576,0.0115748460451147
330,-0.472541152513152,-0.023017552789822
331,0.299711778598954,0.014599007195338
332,0.113192129706938,0.00551360618448837
333,-0.611670540832847,-0.0297945668619987
334,-0.123641930480439,-0.00602261760004008
335,0.372546856923936,0.0181468151510683
336,-0.13761770702029,-0.00670337984174985
337,0.312310001901633,0.0152126686053234
338,-0.043125684646057,-0.00210065878423205
339,1.05360746417984,0.0513213829050264
340,-0.247535437943775,-0.0120574895539157
341,-0.690074195430583,-0.0336136210311869
342,-0.103793421405499,-0.0050557936461858
343,0.0298325663913879,0.00145314893341586
344,-0.780866075265767,-0.0380361075720504
345,-0.1684390270342,-0.00820469111739008
346,0.679746570716418,0.0331105608304244
347,-0.627084910063594,-0.0305454031766847
348,-0.570840792889083,-0.0278057435104399
349,1.0936068989037,0.0532697615709329
350,-1.13127227459155,-0.0551044478593816
351,-0.442084444271583,-0.0215340018101325
352,0.930000642182709,0.0453004754446503
353,1.10369619070908,0.0537612125387631
354,0.139229496362212,0.00678189035044585
355,0.657971246809645,0.0320498814274265
356,-0.649151825897572,-0.0316202860676582
357,0.273590750950799,0.0133266478894486
358,-0.940687152497318,-0.0458210170186432
359,-0.3103587320877,-0.015117621950211
360,1.20040428129588,0.0584718786224384
361,-0.80484978719937,-0.0392043578981682
362,1.59249921492555,0.0775708836200858
363,-0.425737519760965,-0.0207377405832038
364,-0.302178461815004,-0.0147191597171646
365,0.810242593669383,0.0394670423372877
366,-0.913611754264195,-0.0445021701736182
367,-0.214443624519774,-0.0104455821923093
368,1.84547930668572,0.0898935831053999
369,-0.0733013004587413,-0.0035705177081371
370,0.180441517858906,0.00878933430602602
371,0.349628021776436,0.0170304351382732
372,0.117427906537685,0.00571993153052242
373,-0.198043015366665,-0.009646705978123
374,-0.0419419420107587,-0.00204299849696898
375,-0.416569819974356,-0.0202911805054683
376,0.781495831072309,0.0380667830750084
377,-0.994918308939361,-0.0484626250555708
378,0.377814092331874,0.0184033830042888
379,-0.0444069666641163,-0.00216307022994944
380,-0.799426988083063,-0.0389402125125985
381,0.124817194251289,0.00607986488050172
382,-0.150708989882006,-0.00734105825928744
383,0.977539995465353,0.0476161247123547
384,0.656621253588447,0.0319841230483527
385,0.974123495264198,0.0474497064579481
386,-0.366345096461256,-0.0178447264375662
387,0.105299383514659,0.00512914929396946
388,0.541462257202252,0.0263747104830244
389,1.11136477211177,0.0541347503276325
390,-0.296702177787527,-0.0144524090732806
391,-0.00351494458755042,-0.000171213495728351
392,0.0942260212101083,0.00458976409957879
393,-0.430866519791266,-0.020987574969751
394,-0.204767284618669,-0.00997424617574993
395,0.352113399662109,0.0171514982803548
396,0.520070654496301,0.0253327221992009
397,-1.01798203580571,-0.0495860627664513
398,-0.187530083198492,-0.00913461942255045
399,0.179638093490272,0.00875019938048716
400,0.0655680716557612,0.00319383093437831
401,0.938865904346144,0.0457323037388789
402,1.26112302936528,0.0614294982532079
403,-0.507760752171176,-0.0247331049487263
404,-1.27425452531694,-0.0620691354565905
405,0.424930658583079,0.0206984382501535
406,0.0194029676544751,0.000945121562197948
407,0.246026212734254,0.0119839749600074
408,-1.0079622414355,-0.0490979970294615
409,1.06254041077329,0.0517565081183328
410,0.2461922912779,0.0119920646716131
411,0.0541990338858831,0.00264004334223744
412,-0.191234092379624,-0.00931504228393987
413,0.358093641694339,0.0174427967967713
414,0.872530178900739,0.0425010802694091
415,-0.271877190501183,-0.0132431800943207
416,0.932565478996949,0.0454254090434599
417,0.286301649136298,0.0139457977104426
418,0.853426477281289,0.0415705360021678
419,1.23814885376385,0.0603104225983234
420,0.783270937843323,0.0381532488009925
421,0.143741398057518,0.00700166578143591
422,0.493658373738338,0.0240461759091842
423,1.39792973120261,0.0680933739067776
424,-0.199139971683877,-0.00970013889037902
425,-0.543573959608771,-0.0264775718345913
426,-0.298052047996574,-0.0145181614604134
427,0.153839410495689,0.00749354153264148
428,-0.357472018318717,-0.0174125174257841
429,-0.0745128623076354,-0.00362953307360692
430,-0.164892262889918,-0.00803192768612115
431,1.30533614406655,0.0635831259239973
432,-0.412316404091555,-0.0200839959584744
433,-0.59555943583819,-0.0290097924402481
434,-0.115106004350025,-0.00560683131503226
435,0.926976977382918,0.0451531922635394
436,0.301231846893323,0.0146730499575899
437,-0.0737637162445139,-0.00359304205274336
438,-0.872646114649463,-0.0425067275177012
439,-0.082596906933496,-0.0040233081404798
440,-0.211274139038714,-0.0102911960632096
441,-0.377735230282589,-0.0183995416216433
442,-0.0889881657901768,-0.00433462735012857
443,-0.304027543572502,-0.0148092287762074
444,-0.0933302504259643,-0.00454613096582557
445,0.178674214829876,0.00870324870152361
446,0.0129107286229946,0.000628883592580842
447,-0.731405270565912,-0.0356268641079601
448,0.461356868892555,0.0224727646009323
449,0.286427726631079,0.0139519389647572
450,-0.743025098397176,-0.0361928677228671
451,0.109585241795646,0.00533791411520823
452,-0.605925183980322,-0.0295147096390963
453,1.67114950611457,0.0814019514958678
454,0.439379967914761,0.0214022663475576
455,0.543954466444159,0.0264961063815271
456,-0.582488551192238,-0.0283731076229623
457,-0.701024613092731,-0.0341470175729878
458,0.236510241237983,0.011520450513307
459,0.483815857369962,0.023566745411144
460,0.195665144240795,0.00953087950697651
461,-0.280993545324133,-0.0136872391509172
462,-0.0953109741208245,-0.00464261232404384
463,-0.891121389044262,-0.0434066609974143
464,0.752037812405423,0.0366318784193135
465,0.35798450298368,0.017437480633257
466,0.0225613177325243,0.00109896528409104
467,0.181774610970351,0.00885426947813384
468,1.14829885398977,0.0559338151812417
469,-0.658506691145021,-0.0320759630040046
470,-1.01590941533542,-0.0494851051020565
471,-0.13296060631653,-0.00647653174454954
472,0.374877264984384,0.0182603296889406
473,0.404060766803831,0.0196818625864427
474,-0.29399435630166,-0.0143205106689513
475,0.450404188636938,0.0219392578478529
476,-0.484129700245767,-0.0235820327462749
477,1.13880188472396,0.0554712163361325
478,0.108062458867316,0.00526373912271516
479,0.598749516737232,0.0291651817753503
480,-0.513945881988711,-0.0250343835809254
481,-0.0841275121102818,-0.0040978641559074
482,0.477201313115859,0.023244549935174
483,-0.443346818744978,-0.0215954922664182
484,0.781301923283486,0.0380573377965564
485,-0.183106350161708,-0.00891913870058436
486,0.626836456757502,0.0305333009776311
487,-0.42571563050322,-0.0207366743540659
488,-0.958088638673747,-0.0466686461077861
489,-0.202229050926132,-0.00985060841912244
490,0.924801973605543,0.0450472474923856
491,0.345935840578768,0.0168505884197917
492,-0.700624353079579,-0.0341275208457009
493,0.416037947969226,0.0202652729376503
494,-0.723903691023786,-0.0352614610056069
495,-0.138594437876172,-0.00675095655314761
496,1.00763656815361,0.0490821334334163
497,0.0553702551679116,0.00269709371244209
498,0.241682338828532,0.0117723841886946
499,-0.0275479515930677,-0.00134186499244049
500,-0.696872246495076,-0.0339447551523375
501,0.75407955224594,0.0367313318834449
502,0.518208710866475,0.025242026636363
503,0.567782124061182,0.0276567552776935
504,-1.40662390474828,-0.0685168684479134
505,0.990701663449975,0.0482572316001398
506,-0.3021322384343,-0.0147169081691252
507,0.1854219320259,0.00903193105213862
508,0.419303984558809,0.0204243620862129
509,1.03656882891344,0.0504914283399579
510,-0.388732391367629,-0.0189352150428191
511,-0.543567904994244,-0.026477276913379
512,0.553807601165282,0.0269760541011753
513,-0.383497099784186,-0.0186802031782418
514,-0.31289816028508,-0.0152413178913545
515,-0.507079901411586,-0.0246999406026844
516,0.305867600931958,0.0148988582554227
517,0.33271335642112,0.0162065191667912
518,-0.293830188167924,-0.0143125140137087
519,-0.0275723912229502,-0.00134305545060076
520,0.497210760854738,0.0242192132362967
521,0.61914170327438,0.030158488342667
522,0.358058632275618,0.0174410914825583
523,-0.00360043788930398,-0.000175377887709383
524,0.239817848203199,0.011681564561311
525,1.40484615203849,0.0684302738378416
526,-0.315369685778741,-0.015361706281274
527,-0.586256120359845,-0.0285566265011457
528,0.575623909737786,0.0280387298735943
529,0.459015648482335,0.0223587233918267
530,0.385489242338444,0.0187772407508714
531,0.334723665110857,0.0163044416146959
532,-0.301164643844892,-0.0146697764866834
533,-0.448013013802409,-0.0218227833509956
534,-1.18910932560726,-0.0579216995799596
535,1.23125961380362,0.059974846651926
536,0.213099357477326,0.0103801027362901
537,-0.397741648743381,-0.0193740573661609
538,-0.283829777619747,-0.0138253924656945
539,0.978800977144392,0.0476775473254115
540,-0.508460772667185,-0.0247672030556002
541,-0.157827780203917,-0.00768781563938592
542,-0.555305224107329,-0.0270490035468364
543,-0.202393932516358,-0.00985863982694146
544,-0.475391344824565,-0.0231563860991332
545,1.00076994888241,0.0487476593442878
546,-0.1709524777871,-0.00832712169318617
547,-1.02295659809195,-0.0498283744665453
548,1.38405978251332,0.0674177665560737
549,-0.247627159727436,-0.0120619573362161
550,0.861696323283329,0.0419733614828762
551,0.359229198342092,0.0174981099371115
552,0.221826824868891,0.0108052190258204
553,0.508692501602209,0.0247784906079468
554,1.00060501922966,0.0487396255953362
555,-0.223783091495395,-0.010900509076448
556,0.100981161965269,0.00491880805291001
557,0.132723313596319,0.0064649731793639
558,0.046321266676145,0.0022563160802801
559,-0.176330902108191,-0.00858910557560233
560,0.150521360586346,0.0073319188072104
561,0.987308864541163,0.0480919678393575
562,-0.0545397569648429,-0.00265664001623089
563,-0.514203700747998,-0.0250469419726559
564,0.387931102533141,0.0188961841394794
565,0.506003826342031,0.0246475248192387
566,-0.262519634670745,-0.0127873720992596
567,-0.425362141857043,-0.0207194558673148
568,-0.249381632981944,-0.0121474180004125
569,0.0592288202113842,0.00288504501384457
570,-0.81751357052449,-0.0398212127470096
571,0.435126366055371,0.0211950727416149
572,0.416537751600067,0.0202896184499853
573,-0.197066431457671,-0.00959913642453103
574,-0.324638445039206,-0.0158131889816467
575,0.127684218535141,0.00621951807779941
576,0.0456800837948599,0.0022250839627399
577,0.493005367405676,0.0240143678694943
578,0.300860728265988,0.0146549727117237
579,-0.0291742931937478,-0.00142108434391675
580,0.0254955715919216,0.00124189324443524
581,0.55518552191916,0.0270431728346948
582,0.51722927754102,0.0251943182872533
583,-0.353836186956261,-0.0172354155165109
584,-0.179868537700486,-0.0087614243536891
585,0.187299251383884,0.00912337556907838
586,1.26673526022952,0.0617028708885844
587,1.01900056114957,0.0496356752938373
588,0.11464052062524,0.00558415753064112
589,0.263800220195549,0.0128497496186827
590,-0.436257139560794,-0.0212501528943512
591,0.336513941291656,0.0163916462449821
592,0.935376315082088,0.0455623253048884
593,-0.0892520193304023,-0.00434747969697447
594,-0.552134401807425,-0.0268945523010835
595,-0.0140475939396651,-0.000684260478386989
596,-0.814193599124362,-0.0396594964254645
597,0.998703963452243,0.0486470248737257
598,0.495439779884499,0.0241329484787079
599,0.0943099748055154,0.00459385349222508
600,-0.885217175730631,-0.0431190658516664
601,0.297606165489913,0.0144964424543953
602,-0.78177644569282,-0.0380804518566731
603,0.0390966744511694,0.00190440507308243
604,1.29750139054091,0.06320149386526
605,-0.723109447111796,-0.0352227732615342
606,0.283786584551244,0.0138232885246322
607,0.135064440425801,0.00657900983013759
608,-0.357615474229249,-0.0174195051854238
609,-0.627873479369821,-0.0305838145098312
610,-0.202656446982136,-0.00987142694726306
611,1.45014383957679,0.0706367312196473
612,0.850371269295845,0.0414217163475942
613,0.707180187376181,0.0344468565505399
614,-0.704539488789408,-0.0343182277130308
615,0.349908024834257,0.0170440741306243
616,-0.28501457476343,-0.0138831041182248
617,1.54749217246487,0.0753785836050652
618,-0.652815233178416,-0.0317987312041907
619,0.490101516031039,0.0238729208188958
620,0.686903454307618,0.0334591737395752
621,-0.517720998922083,-0.0252182701119492
622,0.557477372203813,0.0271548092173312
623,-0.355988663137836,-0.0173402629649813
624,0.308905620414432,0.0150468406553522
625,-0.498506754127909,-0.0242823412695311
626,-0.550161942802834,-0.0267984735172093
627,0.326774828786455,0.0159172525651464
628,-0.0835657587254595,-0.00407050106145268
629,0.308318893537518,0.0150182610982262
630,-0.219003611678531,-0.0106676998736781
631,0.483887841979133,0.0235702517926156
632,-0.0211178546215613,-0.00102865397219798
633,0.646787097112355,0.031505099761962
634,-0.0887651911838532,-0.00432376622249031
635,-0.537471918920659,-0.0261803404867661
636,-0.677806565927614,-0.0330160628964323
637,-0.0685091611509989,-0.00333709185960407
638,0.0932273298620743,0.00454111768920418
639,-1.21526042174371,-0.0591955235265754
640,0.883683912194904,0.0430443803471622
641,-0.91407702122482,-0.0445248333993936
642,0.055473615377398,0.00270212840426842
643,-0.590337845964402,-0.0287554479880717
644,0.272690861359575,0.0132828141279638
645,-0.399838072630615,-0.0194761744986851
646,-0.351093116449228,-0.0171018001268963
647,-0.219579598566717,-0.0106957562842882
648,-1.2453644152173,-0.0606618937152403
649,0.470065229825558,0.0228969502119044
650,0.329738307499905,0.0160616040726621
651,1.17534910807677,0.0572514372510114
652,0.483745619776141,0.0235633241270613
653,-0.564472373785136,-0.027495536828687
654,-0.0863738165367032,-0.00420728199272891
655,0.152098700163581,0.0074087512625286
656,0.291463109451797,0.0141972132425138
657,1.40182047169716,0.06828289247939
658,0.0303480036234625,0.00147825596089068
659,-0.190583315176386,-0.00928334282548993
660,0.238518408018336,0.0116182686284737
661,0.877125524149545,0.0427249202488252
662,0.155717532148323,0.0075850251294779
663,-0.491941218648059,-0.0239625330185522
664,-0.234863811391257,-0.0114402526602517
665,-0.317045829821101,-0.0154433515174045
666,0.177404794374418,0.00864141503435911
667,0.192920701236041,0.00939719726278521
668,-0.43037525678702,-0.0209636454726612
669,-0.00214197073691835,-0.000104335726632709
670,-0.357396719079702,-0.0174088495881791
671,-0.648516590308144,-0.0315893436436261
672,0.28796737773197,0.0140269356085506
673,0.199173606247228,0.00970177723517363
674,-0.473353282413964,-0.0230571117631829
675,-0.791142557046456,-0.0385366765925953
676,1.80696419434245,0.0880175060127441
677,0.322077882927722,0.015688463604271
678,-0.436475174063251,-0.0212607733887643
679,0.895641989828004,0.0436268601623507
680,-0.433119497996724,-0.0210973178873842
681,-0.383453643403875,-0.0186780864112202
682,-1.39520699617545,-0.0679607490615403
683,0.0260536034888936,0.00126907506463991
684,-0.175199412749489,-0.00853399055354231
685,0.109279153675978,0.00532300451545076
686,1.85616042350781,0.0904138619615361
687,-0.639744257333145,-0.0311620419445718
688,0.348979868603692,0.0169988634967556
689,-0.25809768512292,-0.0125719782513172
690,-0.0363025600577274,-0.00176830332784861
691,1.01193114198099,0.0492913227902706
692,0.452708885378222,0.0220515199833832
693,1.06390307194518,0.0518228835552482
694,-1.02561867293359,-0.0499580445447428
695,-0.83342980194378,-0.0405964948466957
696,0.632084734526249,0.0307889454013078
697,-0.284233711199164,-0.0138450681329637
698,0.203381105308452,0.00990672516667057
699,0.378252618846751,0.0184247436988066
700,0.793363629273518,0.0386448653650745
701,0.418480571966516,0.0203842535312012
702,0.449427615572688,0.0218916888225099
703,0.195953897470233,0.00954494472154332
704,0.83854089397531,0.0408454569318467
705,0.00331584578568211,0.000161515362225861
706,-0.706005686005032,-0.0343896464066864
707,0.651100190488663,0.0317151912089156
708,-0.0760912874573236,-0.00370641840732766
709,-0.627421968731674,-0.0305618213566563
710,-0.0455746605771132,-0.00221994878146148
711,-0.570861151622804,-0.0278067351875153
712,-0.295932391469556,-0.014414912662404
713,-0.822775668397014,-0.0400775303500837
714,0.0319589133309357,0.00155672362245662
715,-0.981863065771666,-0.0478267021371155
716,-0.246800847308222,-0.0120217075301854
717,0.894558707420707,0.0435740933083663
718,0.981170388744168,0.0477929617317306
719,0.47457419424093,0.0231165825675336
720,-0.56865687913221,-0.0276993647328034
721,-0.198356702407409,-0.00966198572250387
722,-0.166565267773919,-0.00811342001336135
723,-0.629360051952631,-0.0306562256907807
724,-0.189324901459727,-0.00922204529827875
725,-0.142028451830601,-0.00691822790519092
726,1.47254315063922,0.0717278051337246
727,0.555807588409792,0.0270734737898831
728,1.45307454523584,0.0707794863466024
729,0.0192541161522897,0.000937870982452238
730,0.0722737069925117,0.00352046347110468
731,-0.463973527921468,-0.0226002224678519
732,1.30511991685228,0.0635725934628714
733,-1.19603607857171,-0.0582591027906079
734,-0.160270278235803,-0.00780679009714269
735,-0.451838152796022,-0.0220091064643279
736,1.32653261485464,0.0646156093018532
737,1.00284510155945,0.0488487403528658
738,0.496197837165248,0.0241698735663635
739,0.192078122173584,0.00935615510604071
740,-0.365627899596149,-0.0178097916670905
741,-0.440747774946875,-0.0214688924401223
742,0.289473861314519,0.0141003166573838
743,-0.0929785578329252,-0.00452899996510114
744,-0.217467571623828,-0.0105928791245047
745,-0.481139152606925,-0.0234363627072076
746,0.96147597099597,0.0468336435902882
747,-0.344873180035346,-0.0167988260599937
748,-0.59165674537514,-0.0288196917828177
749,-0.550918535863897,-0.026835327282497
750,-0.387056885412072,-0.0188536008879957
751,-0.652031887045904,-0.0317605742926457
752,-0.130914407153089,-0.00637686106610702
753,0.0805697063951669,0.00392456288801124
754,-0.694948004096378,-0.0338510250068107
755,0.251903195661257,0.0122702437094014
756,0.317724610999402,0.0154764150538208
757,-0.589880966476375,-0.028733193317387
758,0.855983820403971,0.0416951045820998
759,0.841532515625524,0.0409911792861745
760,-0.113970478537375,-0.00555151967667478
761,-0.65281166929514,-0.0317985576068839
762,-0.464887682171913,-0.0226447510630985
763,-0.236017109694426,-0.0114964299993777
764,1.85845596030796,0.0905256779149141
765,0.0603641634613723,0.00294034775954632
766,-0.567059694964637,-0.0276215656444138
767,0.278299962458338,0.0135560343119786
768,0.0456697342586807,0.00222457983522839
769,0.128479417501033,0.00625825234269584
770,-0.080540876974343,-0.00392315860245396
771,-0.694604415372865,-0.0338342887468269
772,-0.147433935909991,-0.00718152987262832
773,-0.807336950333319,-0.0393255079999701
774,0.899773200523658,0.0438280920757351
775,-0.137980149226795,-0.00672103445781236
776,0.117790911812357,0.00573761357372315
777,-0.35512526264143,-0.0172982065929613
778,-0.626731485003752,-0.0305281877872338
779,0.236152041554416,0.0115030025511941
780,-0.0360243707107024,-0.00175475268163172
781,-0.190768456600352,-0.00929236109295106
782,0.0561458204547058,0.00273487161778563
783,-0.0355050249063638,-0.00172945526699597
784,-0.130862737387467,-0.00637434422381411
785,-0.0576907649939251,-0.00281012610578057
786,-0.795293809455163,-0.0387388847409291
787,0.829826580506918,0.040420981371953
788,-0.0930347538394756,-0.00453173728129141
789,-0.448641588039482,-0.0218534012995217
790,0.098311794856091,0.00478878276723049
791,0.241995825198128,0.0117876541583527
792,-0.413707503977903,-0.0201517566495796
793,-0.599855150913907,-0.0292190373874861
794,-0.743159847970368,-0.0361994313954654
795,-0.103343815962969,-0.00503389329538473
796,-0.00860937286125463,-0.000419363886652646
797,-0.507001973342192,-0.0246961447143443
798,-0.842116517889302,-0.0410196261269724
799,0.101505457464814,0.0049443465679665
800,-0.619639800078556,-0.030182750715211
801,0.640559640443254,0.0312017593822617
802,-0.751137743238193,-0.0365880359106535
803,-0.238456476475534,-0.0116152519334236
804,-0.405165479549055,-0.0197356733155096
805,-0.4902384329868,-0.0238795900650353
806,-0.444592287704165,-0.0216561592524867
807,-0.41609498208042,-0.0202680510780479
808,-0.100872912688132,-0.00491353521384075
809,0.0261284769506638,0.00127272216256935
810,0.18503348053591,0.00901300951984541
811,0.00437826113000739,0.000213265778338023
812,-0.524790471801225,-0.0255626252317657
813,0.750372272610488,0.0365507497177188
814,-0.431552689653344,-0.0210209984100995
815,-0.527335314929573,-0.0256865849350359
816,0.653213539015152,0.0318181327432413
817,-0.157938331995489,-0.0076932006342908
818,0.268593566066436,0.0130832342390933
819,-0.439736773354021,-0.0214196463958142
820,0.173054539596791,0.00842951344978704
821,0.281023343584792,0.0136886906288128
822,0.336192661207381,0.0163759966422737
823,-0.150689384735927,-0.00734010328958279
824,-0.140615377779646,-0.00684939684912145
825,-0.452380856584195,-0.022035541649977
826,-0.816534959395849,-0.0397735444472342
827,-0.886772335258552,-0.0431948179133445
828,-0.0537951412257733,-0.00262036966815449
829,0.203166140920718,0.00989625421802154
830,-0.395403689406955,-0.0192601750044652
831,0.349677568174439,0.0170328485510004
832,-0.478063438252086,-0.023286544184202
833,0.143723244963581,0.00700078154141648
834,-0.301219139404893,-0.0146724309738588
835,-0.423120806515026,-0.0206102800753647
836,0.12260482322883,0.00597209994504733
837,1.54845745094628,0.0754256024695269
838,-0.473766060462125,-0.0230772182458954
839,-0.562269311786352,-0.0273882253372189
840,0.225569862493273,0.0109875429687306
841,-0.217070474595388,-0.0105735364666932
842,0.466198339395845,0.0227085933796475
843,0.696117429696017,0.0339079879090473
844,-0.0177986916731783,-0.000866977030462568
845,0.942466036346023,0.0459076667266668
846,-0.202989895609974,-0.00988766928161455
847,-0.434845527250271,-0.0211813930398845
848,-0.966941177452824,-0.0470998546439901
849,-0.331058216296615,-0.0161258970347553
850,-0.421855309690972,-0.0205486375288942
851,-0.659630863007745,-0.0321307215897012
852,0.504831119833181,0.0245904021034057
853,-0.308328452792932,-0.0150187267310394
854,-0.19085481929681,-0.00929656783328314
855,-0.0568549694206766,-0.00276941437384692
856,0.601021479938307,0.0292758494550628
857,-0.322478141177978,-0.0157079602456872
858,-0.479505910533973,-0.0233568072326573
859,-0.629909543267821,-0.0306829914979229
860,1.33838948539611,0.0651931593039196
861,0.8236509509664,0.0401201654997202
862,-0.0151244527723051,-0.00073671443905432
863,0.397944512472748,0.0193839388898652
864,1.06990242128163,0.0521151127914149
865,1.22000007070389,0.0594263925621416
866,0.709118962700245,0.0345412945971143
867,0.848158783746946,0.0413139458335393
868,-0.174571370180686,-0.00850339850265991
869,-0.888918072853112,-0.0432993371241965
870,-0.372532909129859,-0.0181461357518569
871,-0.708530325351905,-0.0345126219806291
872,-0.0646907312032781,-0.0031510955449372
873,-0.629576081612456,-0.0306667485289986
874,0.303707985723179,0.0147936630638305
875,-0.395625105592813,-0.0192709602212011
876,-1.35070341288633,-0.0657929726208102
877,0.731974952795341,0.0356546134176646
878,0.454389472785032,0.0221333816564849
879,-0.699596473580499,-0.0340774526759641
880,-0.584597789456403,-0.0284758489457732
881,-0.167146120078055,-0.0081417134191365
882,-0.509148971658433,-0.0248007253351451
883,0.437475807130085,0.0213095143805627
884,-0.881843233440573,-0.0429547205997065
885,0.432927379854561,0.021087959782898
886,0.00550946844989397,0.000268367062243868
887,-0.0740661112087899,-0.00360777175832894
888,0.418009195065899,0.0203612926893019
889,0.110994856640922,0.00540657667283295
890,0.247951535393394,0.0120777577251877
891,0.316774399489855,0.0154301301038938
892,1.47211997218809,0.0717071920457711
893,0.242636152333443,0.011818844592374
894,0.447885622659275,0.0218165781086658
895,0.695113350533354,0.0338590790573868
896,0.0912639589851523,0.00444548158943781
897,-1.00653993255514,-0.0490287161434201
898,0.488496073513076,0.0237947194649785
899,0.23780436217433,0.0115834873447244
900,0.537738820387297,0.0261933412985796
901,-0.715090273734084,-0.0348321580832147
902,0.130298944078877,0.00634688176435605
903,-0.205518259937662,-0.0100108262999503
904,1.26791751428749,0.061760458667015
905,0.111419300682428,0.00542725140788958
906,0.577110368337401,0.0281111355024047
907,-0.238122838194009,-0.0115990003610116
908,-0.544227106328009,-0.0265093867125327
909,0.833471955686235,0.0405985481620251
910,-1.00203272241579,-0.0488091692388477
911,1.36894711116484,0.066681625992001
912,-0.419054957467157,-0.020412231937976
913,0.764366022425577,0.0372323874404511
914,-1.46096280014,-0.0711637244657813
915,-0.663128215187605,-0.0323010781565239
916,0.485185398867756,0.0236334559898009
917,0.426293453051077,0.020764820179943
918,-0.271104965939841,-0.0132055649162314
919,-0.438613928242098,-0.0213649524363546
920,-0.806505672403148,-0.0392850163231311
921,1.22458848919457,0.0596498951380954
922,-0.374024015261561,-0.0182187677626756
923,0.674860988560226,0.0328725833662583
924,-0.0940754872866556,-0.00458243156883265
925,-0.0523253201202181,-0.00254877445425861
926,0.0430135314350757,0.00209519578393957
927,1.23855213349141,0.0603300664163672
928,-0.124061185320521,-0.00604303956829155
929,0.0013003050928333,6.33380626384739e-05
930,0.505529864219199,0.0246244380507644
931,-0.162912799086286,-0.0079355076973997
932,-0.093686654538871,-0.00456349146541324
933,0.047881020259414,0.00233229191910611
934,0.538537461185893,0.0262322432156806
935,-0.235446639686529,-0.0114686423168617
936,-0.562358286994481,-0.0273925593333991
937,1.09643350071153,0.0534074457831574
938,0.659644859112458,0.0321314033421313
939,0.278476690542963,0.0135646427643762
940,0.144732183723946,0.00704992710483421
941,-0.0853096870368546,-0.00415544807983548
942,0.782040385991412,0.038093308429532
943,-0.776804219048945,-0.0378382539260809
944,0.152795945656507,0.00744271419857234
945,-0.0473689556101675,-0.00230734917066389
946,0.0293838734881042,0.00143129303254275
947,-1.05644517965678,-0.0514596084657961
948,-0.434084376536159,-0.0211443172706106
949,0.891639582871186,0.0434319022990514
950,-1.062120535963,-0.0517360559512368
951,0.308997642643334,0.0150513230723867
952,0.565779593584438,0.0275592117077493
953,0.0480967543977755,0.00234280036242784
954,-0.686837485111386,-0.0334559603698006
955,-0.157748880099469,-0.00768397240306751
956,-0.319180512849979,-0.015547332258649
957,-0.409245854430651,-0.0199344290085109
958,-0.804071245718379,-0.0391664350219436
959,1.03963013625867,0.0506405450952924
960,0.320477340001474,0.0156105009102258
961,-0.391591938549759,-0.0190745040293332
962,0.215193231050122,0.0104820956426027
963,-0.0317808904304115,-0.00154805209937603
964,-0.617609078879465,-0.0300838339708113
965,0.267405730968751,0.0130253746073529
966,0.596865531391039,0.0290734125570916
967,0.221170646082516,0.0107732564554187
968,0.274302129085275,0.0133612992286533
969,-1.31727305259157,-0.0641645745886491
970,-1.33999964255926,-0.0652715903089351
971,-0.322592088316519,-0.015713510628469
972,0.346343674104126,0.0168704540540324
973,-0.486563398042396,-0.0237005785432081
974,-0.422744056005214,-0.0205919284996299
975,0.812655339806341,0.0395845675756304
976,-0.535994048041292,-0.0261083531671401
977,0.772477736883467,0.0376275103091314
978,-0.324510843656846,-0.015806973498532
979,-1.13679655340501,-0.0553735363367304
980,-0.157745512021705,-0.0076838083434777
981,0.505131832604548,0.0246050498691138
982,-0.49700563297332,-0.0242092214253953
983,-0.414193179614436,-0.0201754139851221
984,-0.615815991155813,-0.0299964923898369
985,-0.602199226759335,-0.0293332176852835
986,-0.80873751939998,-0.0393937299363162
987,-0.0689657236790922,-0.00335933109112152
988,0.364116636354034,0.0177361778002986
989,0.107005008948235,0.00521223057323639
990,0.302337853211828,0.0147269236968118
991,0.69576196441804,0.0338906731402545
992,-0.0129722967739667,-0.000631882586758947
993,0.32956765922188,0.0160532917685862
994,-0.94938265283384,-0.046244576187967
995,0.157571170679944,0.00767531614969486
996,-0.797015577475253,-0.0388227523280876
997,-0.0613561488572856,-0.00298866752195392
998,0.0167508430937069,0.000815936163723996
999,-0.239104828647317,-0.0116468332682154
1000,-0.0487489172333966,-0.00237456731524599
